{"count":1,"gauges":{},"self":16.1991232,"total":16.824854,"children":{"AgentResetIfDone":{"count":801,"self":0.017373,"total":0.017373,"children":null},"AgentSendState":{"count":801,"self":0.14593599999999998,"total":0.55259099999999994,"children":{"CollectObservations":{"count":9612,"self":0.406655,"total":0.406655,"children":null}}},"DecideAction":{"count":801,"self":0.020044,"total":0.020044,"children":null},"AcademyStep":{"count":801,"self":0.0090049999999999991,"total":0.0090049999999999991,"children":null},"AgentAct":{"count":801,"self":0.024302999999999998,"total":0.024302999999999998,"children":null}}}