{"count":1,"gauges":{},"self":61.572473599999995,"total":66.30792,"children":{"AgentResetIfDone":{"count":3154,"self":0.108122,"total":0.108122,"children":null},"AgentSendState":{"count":3154,"self":1.081011,"total":4.203448,"children":{"CollectObservations":{"count":37848,"self":3.1224369999999997,"total":3.1224369999999997,"children":null}}},"DecideAction":{"count":3154,"self":0.144748,"total":0.144748,"children":null},"AcademyStep":{"count":3154,"self":0.06293,"total":0.06293,"children":null},"AgentAct":{"count":3154,"self":0.213863,"total":0.213863,"children":null}}}